zone_index,x,y,radius,severity
0,3.5,14.5,28,1
1,33,50,42,1.45000005
2,62.5,85.5,56,1.89999998
3,92,121,70,2.3499999
4,121.5,156.5,84,2.79999995
5,151,192,98,3.25
6,180.5,227.5,112,1
7,210,263,126,1.45000005
8,239.5,298.5,140,1.89999998
9,269,334,28,2.3499999
10,298.5,369.5,42,2.79999995
11,328,405,56,3.25
